G10101,10567,2522,1458,1192,615,1091,92
G10201,1545,463,137,122,218,122,15
G10301,1578,411,190,176,181,114,26
G10302,1472,503,117,117,148,141,13
G10303,1671,474,146,205,168,139,20
G10304,2283,583,284,220,275,114,43
G10305,892,209,44,50,226,101,13
G10306,967,281,100,116,54,170,20
G10307,1830,598,159,162,226,126,34
G10308,1121,309,150,127,140,81,9
G10309,2512,781,329,247,296,103,44
G10311,1023,229,102,81,204,149,10
G10312,2341,719,239,188,202,233,22
G10313,2296,719,199,188,248,254,30
G10314,1113,292,61,108,150,188,17
G10315,2222,579,270,164,452,90,27
G10316,2023,573,251,189,286,132,44
G10317,1643,422,219,147,279,130,9
G10318,1121,359,109,106,91,72,19
G10319,1477,316,198,146,243,143,31
G10321,655,182,42,64,80,76,7
G10322,733,175,83,68,103,54,13
G10323,812,193,61,66,162,112,6
G10401,681,226,34,37,109,49,14
G10402,1101,371,56,83,107,97,12
G10403,752,201,35,73,59,149,9
G10404,822,199,80,52,99,153,6
G10405,3000,761,223,273,287,292,38
G10406,741,143,61,76,97,124,14
G10407,677,196,38,35,58,116,6
G10408,1654,538,110,138,148,139,20
G10409,837,245,75,60,111,85,8
G10411,1243,403,78,68,205,43,29
G10412,831,232,60,79,117,109,17
G10413,838,249,54,65,69,89,19
G10414,2055,571,145,182,256,144,30
G10415,966,155,119,53,240,102,16
G10416,761,237,42,47,45,113,18
G10417,1100,423,78,62,64,116,11
G10418,300,74,17,14,48,46,3
G10419,391,101,44,31,40,32,6
G10421,271,86,8,11,57,17,3
G10422,210,63,14,5,36,20,2
G10423,46,6,1,2,11,0,0
G10424,180,67,1,12,32,36,2
G10425,332,120,20,11,43,27,5
G10426,276,74,18,23,14,78,3
G10427,376,138,19,22,80,28,6
G10428,326,92,17,22,40,71,4
G10501,1452,452,122,148,154,55,18
G10502,791,268,39,51,86,66,11
G10503,992,353,54,57,96,76,10
G10504,3500,1142,242,268,205,320,44
G10505,907,323,62,77,91,70,11
G10506,924,286,68,69,126,81,9
G10507,799,237,46,61,64,94,9
G10508,1842,529,162,204,167,116,28
G10509,1703,538,119,162,176,182,31
G10511,604,230,36,39,66,56,4
G10512,341,93,33,23,54,22,4
G10601,918,215,97,76,190,49,16
G10602,2307,698,171,204,301,195,38
G10603,749,175,109,61,152,33,16
G10604,985,343,109,98,122,49,5
G10605,1635,454,160,147,245,164,21
G10606,5600,1441,683,525,517,343,78
G10607,3321,930,421,313,373,141,81
G10608,607,151,70,76,71,44,3
G10609,2316,618,335,272,267,135,34
G10611,1678,436,298,156,106,82,21
G10612,1959,511,192,145,409,100,27
G10613,1034,327,39,67,165,109,13
G10614,976,231,133,92,195,52,18
G10615,2261,765,185,234,149,225,35
G10616,608,212,44,38,65,86,8
G10617,701,143,99,55,151,69,6
G10618,998,209,67,98,148,146,23
G10619,489,132,36,38,75,70,4
G10701,1970,705,89,116,326,172,25
G10702,1547,481,67,97,221,191,15
G10703,2277,736,320,215,162,79,38
G10704,459,156,28,35,67,39,12
G10705,2321,658,156,205,324,156,44
G10706,953,337,67,80,112,84,13
G10707,3030,967,289,313,307,181,53
G10708,1568,467,124,160,161,225,26
G10709,2044,595,157,187,288,236,25
G10711,1496,410,107,106,194,154,24
G10712,1867,592,113,162,194,203,18
G10713,5801,1307,835,678,352,424,78
G10714,1279,412,161,91,180,74,24
G10715,839,213,65,63,135,145,7
G10716,1425,364,58,96,183,189,12
G10717,3123,961,293,210,317,108,42
G10718,1747,495,178,185,104,205,27
G10719,1159,350,53,111,159,174,19
G10721,1487,449,95,106,241,127,16
G10722,1903,639,243,159,167,173,20
G10723,1093,314,100,91,158,78,15
G10724,1672,604,153,123,237,80,29
G10725,585,189,40,58,69,76,9
G10726,431,156,41,29,52,17,4
G10727,485,152,31,41,62,89,6
G10801,2564,656,160,218,322,298,30
G10802,1167,234,123,85,160,217,20
G10803,972,193,86,80,127,175,24
G10804,1169,246,117,120,139,166,25
G10805,1511,435,112,136,228,196,9
G10806,492,133,44,42,108,43,6
G10807,1561,503,127,135,311,110,24
G10808,936,259,39,70,139,73,10
G10809,1654,472,140,153,186,169,20
G10811,1519,483,111,125,229,135,20
G10812,987,281,86,70,160,117,19
G10813,1383,374,67,131,246,178,15
G10814,882,238,70,51,265,62,17
G10815,1175,199,94,107,170,238,25
G10816,2463,577,248,224,226,162,37
G10817,1406,399,75,130,133,248,22
G10818,725,145,41,59,126,94,13
G10819,709,178,39,39,146,87,9
G10821,1067,300,112,92,131,116,17
G10822,1139,351,84,86,207,75,19
G10823,1479,454,111,104,329,79,17
G10824,494,126,30,32,99,49,13
G10825,516,147,15,31,108,86,8
G10826,527,165,22,37,78,87,11
G10827,289,77,14,31,66,28,5
G10828,686,194,52,46,132,84,14
G10901,1228,390,101,139,120,102,20
G10902,1803,619,105,104,305,138,18
G10903,978,328,49,79,58,157,17
G10904,1052,454,49,46,191,60,9
G10905,2834,791,207,248,348,173,40
G10906,650,189,36,50,95,72,3
G10907,1236,465,69,75,142,35,13
G10908,1208,460,60,76,151,103,13
G10909,964,391,88,68,93,51,13
G10911,993,404,53,60,115,46,8
G10912,1488,542,143,155,133,101,15
G10913,556,166,37,41,88,46,18
G10914,1410,439,70,75,221,137,14
G10915,855,283,63,47,121,60,12
G10916,1904,719,204,165,152,137,9
G10917,5635,1541,506,456,487,372,65
G10918,4382,1823,366,324,270,192,27
G10919,2436,800,115,149,298,142,41
G10921,1131,398,86,80,171,83,14
G10922,555,142,55,46,68,103,6
G10923,1655,595,92,87,220,113,16
G10924,852,278,61,45,182,117,2
G10925,697,214,41,45,70,62,10
G10926,685,235,62,46,75,87,13
G10927,940,464,39,22,90,106,3
G10928,1098,388,85,87,113,101,16
G10929,647,280,38,39,98,35,6
G10931,247,87,6,15,28,43,3
G10932,218,50,4,18,46,31,2
G20302,1011,196,62,125,89,106,18
G20305,5543,1118,400,799,534,367,114
G20306,2161,484,117,314,154,167,77
G20307,2785,548,195,426,217,188,69
G20316,1318,273,60,193,194,99,27
G20321,1128,184,57,131,64,219,32
G20402,6218,1588,480,742,544,162,152
G20403,1996,341,193,248,222,92,41
G20405,5628,1272,418,749,610,162,92
G20409,2298,560,124,327,153,97,53
G20412,1947,368,184,338,159,65,44
G20414,2312,536,201,356,203,123,50
G20415,2655,479,314,502,114,109,49
G20416,1486,299,178,151,148,77,25
G20417,1917,439,183,280,106,90,33
G20418,3144,684,334,572,205,142,66
G20419,1229,231,140,189,61,75,25
G20421,3622,860,297,545,201,163,84
G20424,2151,413,193,382,72,105,51
G20425,2518,745,179,381,197,112,78
G20428,869,148,39,126,99,59,17
G20432,1942,475,157,243,130,82,33
G20435,1749,430,103,189,135,81,39
G20441,517,41,79,44,97,37,11
G20442,2674,620,220,403,236,106,65
G20501,3851,956,267,458,335,132,93
G20502,2281,604,131,264,217,70,53
G20503,777,240,27,47,40,57,4
G20504,1071,293,54,126,56,56,25
G20505,4219,1080,250,481,331,134,53
G20506,680,179,19,68,51,36,9
G20508,1054,347,72,128,75,99,30
G20509,1180,300,97,167,91,63,24
G20511,1264,330,61,119,166,53,34
G20512,1579,381,88,234,132,97,30
G20513,1551,478,80,165,87,83,32
G20515,2631,605,164,382,219,116,70
G20518,1714,513,59,187,122,159,42
G20519,863,224,42,112,105,24,20
G20523,2966,752,242,419,247,100,54
G20527,9932,2208,729,1207,925,245,178
G20531,1767,477,48,168,113,139,28
G20534,2921,805,242,456,172,104,54
G20601,1325,324,66,195,74,63,22
G20602,1484,405,70,167,159,62,20
G20603,1089,190,66,144,83,133,27
G20604,1368,296,87,153,129,66,41
G20605,1110,350,57,127,50,90,33
G20607,975,304,50,104,77,28,17
G20608,2149,492,149,278,175,98,42
G20609,1408,405,76,178,83,112,37
G20611,1636,408,109,174,206,126,37
G20613,979,226,63,97,123,53,31
G20616,1409,347,80,183,113,99,43
G20618,646,119,42,94,103,33,9
G20619,1680,451,105,129,137,60,23
G20622,658,173,39,57,31,38,11
G20624,810,204,50,110,64,16,14
G20625,968,229,70,99,86,80,17
G20627,1854,476,92,203,116,77,41
G20631,1375,388,42,92,98,77,26
G20632,1474,443,70,148,134,135,21
G20633,1018,259,49,134,79,31,10
G20634,5113,1140,364,736,219,216,93
G20635,11966,2782,895,1585,952,390,232
G20636,1334,440,39,111,83,85,41
G20637,1681,368,85,207,202,66,34
G20638,984,255,51,141,73,69,16
G20639,618,138,55,126,23,48,8
G20642,1480,395,32,125,93,95,11
G20643,2150,532,153,315,171,71,39
G20644,1814,388,146,253,181,72,64
G20701,1202,278,83,123,113,31,31
G20702,5262,1308,360,625,585,168,144
G20703,1159,333,49,121,68,52,25
G20705,1902,390,121,201,268,36,31
G20707,512,136,25,64,40,36,17
G20708,931,247,61,119,75,28,22
G20711,6873,1659,628,948,596,280,122
G20712,1069,371,83,133,110,27,26
G20713,653,139,55,87,62,32,23
G20719,1833,487,149,232,184,84,45
G20721,1466,363,96,161,89,60,32
G20722,3452,721,345,401,418,84,75
G20723,1332,373,86,173,125,77,37
G20724,3531,776,324,517,233,90,57
G20725,6974,1722,606,1028,505,211,141
G20726,2477,624,207,323,290,78,68
G20727,4327,1181,302,542,362,133,105
G20801,3050,604,311,344,252,140,63
G20802,645,142,33,57,62,76,32
G20803,4704,1054,338,513,479,200,93
G20804,1852,293,186,158,307,58,42
G20805,1683,363,194,199,145,55,40
G20806,1438,372,108,189,139,78,32
G20807,1309,243,190,113,130,56,31
G20808,2831,740,117,350,223,203,53
G20812,1249,235,67,144,164,69,36
G20813,3429,729,349,464,262,140,89
G20815,1697,336,143,154,197,69,29
G20817,8730,1980,676,1113,814,359,196
G20901,3598,958,175,365,337,242,61
G20905,2131,589,98,210,232,139,56
G20909,2495,646,95,203,337,91,55
G20911,813,226,24,108,68,76,18
G20912,1506,356,71,155,121,124,23
G20913,8312,2298,349,837,764,278,177
G20914,1654,496,65,146,155,65,41
G20918,2763,776,145,327,265,114,47
G20923,20273,5249,1344,2657,1655,696,434
G21001,824,235,24,80,34,66,12
G21002,11521,2770,788,1359,731,443,276
G21003,1567,377,99,181,156,79,27
G21004,825,208,44,96,56,44,18
G21005,1878,555,82,246,108,86,49
G21006,567,164,45,91,16,37,10
G21007,1503,338,64,189,161,61,36
G21008,1188,352,42,123,55,49,18
G21009,2957,699,214,431,202,114,68
G30502,17655,4404,2141,1911,1560,1203,321
G30503,2729,711,282,342,136,519,68
G30504,2894,758,302,340,147,382,53
G30506,2648,737,350,357,170,309,43
G30507,1818,431,244,183,104,333,47
G30508,2280,540,254,201,358,111,31
G30509,1774,421,179,187,186,180,21
G30511,2068,584,225,266,85,406,31
G30512,1411,380,172,172,54,257,27
G30514,4432,884,591,464,271,496,61
G30515,2918,738,408,326,279,350,44
G30516,1370,297,113,145,167,220,27
G30517,1948,550,188,168,266,138,47
G30521,1712,531,120,158,99,319,34
G30522,1480,417,189,151,49,178,35
G30524,710,174,81,67,76,109,18
G30526,449,111,42,32,49,84,11
G30527,2183,591,219,242,133,324,39
G30529,2078,503,256,226,224,199,34
G30531,7462,1677,1017,802,856,458,109
G30532,2607,632,386,318,130,346,45
G30533,3172,718,329,324,441,275,54
G30534,1633,345,188,173,109,258,19
G30536,1059,295,93,119,66,190,27
G30538,1742,384,184,181,118,198,26
G30539,1801,467,164,220,70,278,23
G30541,1275,335,155,148,84,167,17
G30542,1576,365,150,169,69,302,23
G30543,2904,726,304,375,133,472,58
G30544,1477,419,132,159,63,271,32
G30601,1977,575,215,213,98,135,43
G30602,1561,413,158,173,102,227,38
G30603,8612,1887,1444,1123,648,435,135
G30604,18855,3442,3262,2881,919,1267,244
G30605,6488,1637,763,659,563,249,113
G30607,7867,2236,972,845,628,277,141
G30608,3269,854,432,403,279,151,61
G30609,663,182,68,79,30,91,18
G30612,1324,417,105,156,172,71,30
G30613,1105,305,159,174,71,98,17
G30614,1257,337,141,195,90,187,27
G30615,1648,503,161,130,195,45,32
G30616,1266,365,134,126,77,84,22
G30618,5658,1472,798,647,494,223,98
G30621,1735,578,178,150,156,54,23
G30623,3187,749,503,444,203,172,40
G30625,2590,528,545,392,155,193,44
G30626,5119,1509,586,478,437,279,87
G30627,2162,526,253,204,245,138,42
G30629,1269,398,96,129,150,96,22
G30631,1575,455,200,169,133,79,33
G30633,1146,366,108,133,80,138,22
G30635,795,202,103,137,39,58,14
G30636,1069,289,139,189,73,60,20
G30637,1391,351,192,158,184,91,26
G30639,13088,3649,1808,1493,1171,509,322
G30641,2578,715,333,277,329,125,53
G30645,1308,382,132,146,135,91,34
G30646,1377,489,134,97,111,49,27
G30701,775,288,43,72,45,102,20
G30702,1170,359,117,103,86,88,21
G30703,513,141,49,47,68,68,8
G30704,5882,1546,727,617,546,319,96
G30706,2525,727,278,287,272,184,29
G30708,1111,330,116,158,49,124,19
G30709,1537,363,178,202,175,131,37
G30711,1449,367,196,153,140,142,17
G30712,989,319,85,132,61,129,9
G30713,1171,423,116,105,81,138,24
G30715,458,125,39,29,80,67,4
G30716,2980,769,364,261,432,174,48
G30718,982,247,121,109,117,74,13
G30719,1155,329,77,140,80,182,24
G30721,1238,302,139,149,97,150,21
G30722,902,225,93,112,94,134,23
G30724,1585,477,153,149,184,119,18
G30726,2269,551,241,271,197,239,49
G30728,569,176,42,53,57,85,16
G30801,148,40,20,11,2,38,3
G30802,105,16,3,21,9,26,0
G30803,2554,713,211,253,392,211,39
G30804,1473,330,202,173,154,191,19
G30805,1349,295,129,178,119,194,26
G30808,6238,1649,879,686,480,366,100
G30811,1806,523,139,149,278,147,36
G30812,673,208,60,57,53,63,10
G30813,962,300,67,97,69,129,8
G30814,1540,460,109,126,135,189,23
G30817,7958,2035,990,821,713,433,152
G30819,206,58,22,26,11,28,2
G30821,7961,2141,943,956,655,420,129
G30822,60,21,4,1,0,20,0
G30824,994,260,98,116,115,147,16
G30825,914,224,65,94,83,128,24
G30826,1021,275,52,90,84,140,31
G30827,2151,632,125,130,377,94,38
G30828,754,169,70,109,49,124,9
G30829,905,201,60,104,124,149,14
G30831,2037,621,239,203,232,104,36
G30834,281,77,26,47,17,44,6
G30835,2116,634,167,173,270,118,41
G30836,679,211,62,60,80,60,13
G30838,2115,617,223,234,198,205,48
G30841,1032,307,73,97,75,142,22
G30842,1296,374,119,116,127,65,21
G30844,1612,425,135,187,109,133,41
G30845,1033,329,58,100,86,140,16
G30846,128,22,16,31,1,30,2
G30848,1089,281,105,99,107,116,30
G30849,422,126,37,58,29,64,6
G30852,1512,424,161,166,154,125,31
G30854,777,283,46,74,56,81,10
G30856,6936,1917,771,684,725,200,140
G30857,1002,260,63,91,84,154,29
G30858,1355,484,89,113,154,43,28
G30859,629,197,50,79,55,91,13
G30863,4463,1272,330,397,335,631,73
G30865,747,194,40,72,48,135,14
G30902,929,245,80,80,140,38,24
G30903,1359,308,108,89,261,88,45
G30904,574,179,49,24,53,74,24
G30906,577,133,37,58,70,94,19
G30908,4390,939,446,396,503,333,82
G30909,1891,515,163,166,153,283,59
G30912,1016,300,83,121,27,161,21
G30913,583,153,70,53,40,95,14
G30915,392,116,15,31,36,63,15
G30916,3430,780,286,337,418,319,85
G30917,490,116,47,51,70,75,10
G30921,1114,314,71,108,75,186,36
G30925,1980,450,126,178,171,236,51
G30929,547,157,26,40,34,108,13
G30932,949,245,76,99,63,101,30
G30935,4532,1014,385,391,617,403,97
G30939,827,199,68,64,43,161,20
G30942,2304,512,204,259,169,341,46
G31001,628,170,47,61,53,63,13
G31008,2311,609,230,284,185,306,53
G31009,1192,317,96,154,70,209,29
G31014,926,242,71,90,82,159,11
G31015,1425,396,100,151,126,209,41
G31016,1113,306,70,115,101,224,30
G31018,1322,347,96,113,129,137,50
G31019,1034,239,89,132,54,181,15
G31021,1065,288,72,147,81,176,22
G31022,9103,2163,991,1168,634,1100,189
G31025,467,138,32,40,73,67,9
G31026,1639,362,165,195,139,230,36
G31028,1035,255,76,83,82,184,25
G31033,836,225,42,76,115,117,13
G31035,1280,272,90,127,129,211,24
G31036,1334,337,112,137,105,160,39
G31037,3623,741,344,391,267,416,101
G31038,832,216,68,95,63,146,12
G31041,704,114,66,75,96,133,19
G31042,784,171,41,62,136,81,25
G31043,1788,418,123,223,152,347,46
G31051,1974,510,130,193,160,338,59
G31052,2081,522,178,240,230,315,56
G31053,2788,653,244,333,236,387,88
G31101,650,178,56,69,33,85,13
G31102,692,180,47,59,18,175,9
G31103,1139,319,101,104,58,209,31
G31104,1022,296,75,154,47,133,24
G31105,2866,639,318,343,216,307,70
G31106,2949,707,310,377,195,374,46
G31107,1122,312,52,115,68,250,27
G31109,5269,1216,548,589,290,572,103
G31111,597,129,28,56,20,182,10
G31113,587,124,33,49,44,160,12
G31114,777,143,60,78,65,147,26
G31117,626,166,47,64,36,144,14
G31119,440,91,24,30,15,144,9
G31121,651,187,34,77,42,93,14
G31123,1045,256,95,114,51,229,16
G31124,1403,316,115,104,189,208,31
G31129,1343,303,85,142,55,333,36
G31201,3612,598,667,626,209,354,53
G31202,1369,338,164,189,127,141,29
G31203,2582,676,220,299,161,318,33
G31204,1294,310,125,162,51,221,16
G31205,1699,425,194,189,87,231,29
G31206,1600,402,195,237,110,172,27
G31207,3185,809,377,459,201,406,51
G31208,2915,827,311,341,170,305,58
G31213,9359,1991,1461,1214,597,586,145
G31214,6394,1265,1120,1132,367,471,93
G31215,983,275,106,130,45,131,19
G31216,3842,874,574,598,320,315,55
G31224,1120,300,104,129,56,172,35
G31226,3069,830,342,356,185,391,44
G31227,1686,405,237,204,180,85,45
G31228,843,242,77,117,59,117,14
G31229,1059,273,149,128,114,86,15
G31234,1216,326,134,184,68,139,28
G31301,569,120,50,58,105,50,21
G31302,872,230,67,67,74,152,27
G31303,1038,278,89,143,70,158,32
G31304,726,150,78,126,67,111,9
G31308,2448,616,310,325,172,338,54
G31309,2346,479,299,325,202,270,54
G31311,3111,860,238,318,194,391,84
G31315,1614,437,159,225,149,122,37
G31319,946,241,78,102,62,176,25
G31321,643,169,43,63,43,98,15
G31322,6128,1647,793,769,342,590,114
G31323,1158,330,113,149,108,164,23
G31324,1714,485,105,148,83,322,57
G31326,763,168,77,76,30,174,17
G31327,2885,671,384,406,179,301,57
G31333,2081,558,238,220,264,188,52
G31336,1235,351,70,148,64,234,24
G31337,1598,379,223,179,120,170,27
G31338,893,212,98,142,70,107,24
G31343,1585,380,172,211,133,151,37
G31344,1353,355,128,185,91,213,24
G31346,1277,301,170,175,87,200,25
G31347,701,174,99,86,33,112,10
G31351,1215,249,162,172,80,147,29
G31355,1544,425,191,239,84,198,32
G31356,787,209,129,134,47,71,12
G31401,448,69,54,45,34,87,12
G31402,1054,283,111,108,62,120,22
G31403,2926,749,302,273,319,276,61
G31404,1234,298,137,125,173,77,33
G31405,816,253,54,98,44,120,19
G31406,683,227,44,56,32,109,10
G31407,2085,446,270,262,184,187,35
G31408,415,109,32,41,30,72,13
G31409,632,194,62,64,32,75,16
G31411,1625,385,154,138,237,128,30
G31412,3141,796,320,364,314,339,89
G31413,2547,615,258,241,371,109,51
G31414,1603,448,124,185,119,214,47
G31502,975,228,78,97,61,190,28
G31503,1517,414,123,160,82,248,23
G31504,970,242,97,94,97,158,31
G31505,1963,659,143,203,110,159,43
G31506,474,128,19,28,52,72,18
G31507,1929,615,161,218,120,233,42
G31508,847,190,96,122,75,92,28
G31509,1190,342,97,90,192,28,27
G31511,1392,371,162,131,143,148,29
G31513,1454,391,104,158,53,241,37
G31514,2064,506,243,235,80,323,41
G31515,845,245,71,116,24,171,24
G31516,817,177,93,83,111,76,19
G31517,1199,252,158,127,133,108,25
G31519,1109,249,80,85,161,120,29
G31521,2545,601,312,304,122,401,46
G31522,1322,367,110,135,146,73,35
G31523,711,210,89,49,60,85,31
G31524,4055,866,561,573,234,392,63
G31525,1362,422,94,102,101,150,28
G31527,1534,416,148,151,128,105,33
G31528,843,195,88,76,85,132,14
G31531,1006,256,101,97,115,80,19
G31533,3030,674,282,304,255,189,56
G31534,2017,571,128,192,113,295,46
G31535,885,239,51,63,72,186,22
G31537,1823,528,158,194,71,311,36
G31539,2501,730,194,260,150,301,37
G31541,888,170,44,64,62,202,17
G31542,844,215,106,100,60,91,21
G31543,785,241,75,74,63,98,12
G31546,895,208,55,69,59,172,21
G31549,4306,953,436,385,474,300,75
G31551,1267,286,119,139,45,289,28
G31552,1625,438,112,135,150,194,33
G31553,1414,306,153,184,110,160,23
G31601,627,157,28,45,44,105,16
G31603,1432,462,102,133,158,178,27
G31604,1359,379,88,118,158,165,33
G31605,1078,272,134,138,98,146,20
G31606,872,268,50,76,45,194,21
G31608,391,59,57,43,9,97,11
G31609,689,127,43,81,29,197,11
G31611,731,212,49,101,17,142,17
G31612,3036,882,251,303,213,359,46
G31613,949,225,73,102,50,204,18
G31614,1803,556,195,187,124,211,34
G31615,1131,309,122,135,139,130,22
G31616,957,258,58,76,67,176,21
G31617,1325,383,99,106,129,192,27
G31621,783,239,46,109,42,126,14
G31622,945,267,99,101,99,122,18
G31627,1170,269,149,171,107,128,18
G31628,1305,344,173,179,100,128,16
G31629,5109,1344,447,556,519,558,73
G31633,9125,2222,1051,1115,683,802,153
G31634,1161,348,75,93,76,149,30
G31636,724,189,81,67,68,86,13
G31642,944,249,164,113,72,138,14
G31644,4403,1192,272,437,274,713,109
G31645,921,305,42,43,130,36,21
G31646,666,181,27,61,37,137,17
G31649,1664,472,102,140,148,251,30
G31651,2083,537,285,268,186,192,41
G31652,474,114,24,59,25,93,6
G31653,1284,355,85,149,68,237,26
G31654,1729,534,134,178,161,206,29
G31655,5387,1054,970,810,363,643,73
G31658,494,117,25,57,27,116,4
G31701,1069,259,168,126,94,63,18
G31702,2322,483,399,393,125,158,28
G31703,4662,882,930,807,275,306,65
G31704,8604,1664,1624,1415,619,492,126
G31706,1261,225,246,305,67,74,28
G31707,1683,292,379,352,78,130,22
G31709,2909,575,559,451,155,185,46
G31711,1250,333,193,202,102,82,14
G31712,2948,480,575,579,124,231,35
G31713,2547,580,457,414,195,133,31
G31714,915,132,208,141,58,106,10
G31715,2157,377,375,359,119,178,20
G31716,6522,925,1340,1253,229,508,74
G31717,15036,2261,2981,2428,813,977,168
G31718,2256,601,320,326,202,125,41
G31719,11698,1965,2302,2227,546,897,143
G31723,5027,1272,620,487,401,207,71
G31725,7127,1513,1193,974,640,299,130
G31726,2098,514,356,304,130,182,36
G31801,277,96,17,39,10,42,6
G31802,1560,403,134,196,114,197,27
G31803,1569,490,105,157,96,212,21
G31804,1277,366,146,142,173,85,18
G31805,283,63,21,15,23,30,4
G31806,295,53,40,30,32,37,7
G31807,766,204,73,92,46,113,18
G31808,1586,451,180,174,149,110,20
G31809,874,281,79,83,53,129,15
G31811,1770,491,172,204,228,148,41
G31812,1119,285,106,112,128,139,22
G31813,1283,357,115,107,150,62,33
G31814,1947,600,154,218,64,284,31
G31815,515,156,21,45,20,78,10
G31817,1382,404,177,179,72,133,26
G31818,8957,2127,991,779,775,426,146
G31821,1709,401,148,192,168,108,38
G31823,2120,602,214,290,198,120,35
G31825,366,117,26,45,18,36,6
G31826,2212,623,185,242,219,151,44
G31827,236,57,20,21,16,64,5
G31829,2102,589,215,240,186,154,32
G31831,1523,425,150,184,113,160,34
G31832,1552,365,161,211,81,239,26
G31833,539,163,39,44,34,50,13
G31834,302,80,38,32,22,37,3
G31835,1477,451,142,145,161,121,31
G31836,529,137,22,60,56,33,22
G31837,1133,316,121,137,137,66,30
G31838,457,106,31,32,37,50,7
G31839,11483,3230,1233,1088,1439,474,208
G31841,457,140,12,46,20,99,6
G31842,143,49,10,23,10,22,3
G31843,1261,352,119,157,79,198,24
G31844,1355,390,158,168,100,220,19
G31845,772,237,93,84,66,45,14
G31846,1225,312,122,99,212,30,20
G31847,1307,327,143,177,122,151,18
G31848,1189,406,83,131,60,190,14
G31849,760,220,75,83,110,48,16
G31901,2230,597,264,273,156,200,40
G31902,1691,521,152,173,60,166,49
G31903,3975,1005,496,489,342,358,93
G31904,971,271,107,111,55,100,24
G31905,3393,648,679,487,184,200,53
G31906,1627,368,166,117,170,326,38
G31907,749,171,102,100,44,127,12
G31909,2106,593,207,242,107,334,31
G31911,878,258,86,95,67,99,17
G31912,5950,1525,738,603,724,416,115
G31913,1229,357,122,157,94,137,24
G31915,1104,336,94,124,59,162,23
G31916,1765,488,214,204,152,199,42
G31917,1097,272,184,158,68,83,38
G31918,2597,623,282,301,169,326,64
G31919,1736,398,247,216,109,137,32
G31921,2323,521,405,354,131,178,37
G31922,1636,438,167,167,126,184,46
G31923,728,213,60,85,22,124,16
G31925,1205,305,144,151,110,151,19
G31926,6323,1422,949,796,313,533,114
G31927,1238,317,164,140,58,108,21
G31928,1438,426,174,180,100,169,26
G31929,3655,840,476,420,418,397,83
G31932,1274,275,196,179,139,111,21
G31934,2828,697,336,373,162,413,65
G31935,2038,497,199,211,173,259,74
G31938,866,205,103,108,36,166,9
G31939,322,115,10,24,33,54,11
G31941,641,138,53,72,22,102,16
G31943,4668,1311,546,449,493,338,92
G31945,1100,274,144,144,154,91,35
G31946,1069,332,103,128,30,149,24
G31947,5098,1238,598,599,537,333,94
G31948,1992,490,266,236,197,176,38
G32001,2597,534,232,285,473,194,39
G32002,1718,378,138,146,231,294,32
G32003,1634,340,214,158,163,158,31
G32004,1220,284,79,131,76,291,26
G32005,1522,285,113,188,193,192,40
G32006,2396,678,197,232,98,473,45
G32007,236,40,29,16,24,37,2
G32008,4299,1185,459,443,249,516,72
G32009,1534,383,116,151,59,364,35
G32011,998,279,47,61,70,165,16
G32012,1100,335,63,73,31,218,17
G32013,3481,568,549,487,245,419,51
G32014,1877,475,212,244,70,332,38
G32015,1059,301,94,127,56,198,22
G32016,2908,636,384,338,306,174,68
G32017,2631,759,233,299,176,304,49
G32018,1188,351,136,134,47,217,20
G32101,1492,345,164,181,137,145,41
G32104,2225,608,231,261,108,288,36
G32106,1767,493,156,215,130,151,60
G32107,2534,679,228,285,236,263,71
G32109,799,196,69,91,77,157,21
G32112,1659,485,217,175,102,179,38
G32114,2873,731,324,364,220,353,73
G32115,1055,279,104,104,106,130,29
G32116,1775,401,246,263,133,155,34
G32119,1768,545,182,194,88,252,32
G32131,5705,1530,649,666,446,539,118
G32132,1677,454,145,213,136,223,36
G32134,2369,579,352,340,164,270,48
G32135,11843,2527,1742,1581,735,921,209
G32139,1075,284,111,149,50,155,30
G32141,2980,785,255,277,300,260,70
G32142,6007,1253,1076,927,421,375,113
G32143,1150,324,138,159,101,55,26
G32202,953,294,71,81,123,44,17
G32203,1370,373,94,136,68,227,35
G32206,1070,321,75,104,74,147,37
G32207,2349,627,158,204,212,149,62
G32209,1242,375,98,118,64,163,41
G32212,802,205,62,71,57,141,16
G32214,781,225,49,85,36,150,13
G32216,2322,582,183,270,138,379,50
G32217,1184,378,70,120,72,169,33
G32219,2196,505,161,197,175,385,74
G32221,1042,294,74,114,54,154,20
G32222,474,133,25,54,31,85,7
G32223,842,211,58,90,66,133,25
G32301,2570,625,377,404,204,199,41
G32302,598,220,33,47,30,83,11
G32304,2120,565,206,155,287,69,33
G32305,3602,1143,345,352,346,155,68
G32306,2415,658,223,307,191,249,37
G32307,3229,802,360,316,361,142,63
G32308,1036,239,93,104,54,132,9
G32309,1383,530,73,110,61,249,15
G32311,1137,348,124,112,68,146,11
G32312,852,256,51,129,48,165,14
G32313,2567,642,466,329,185,212,41
G32314,2349,767,162,306,97,353,38
G32315,1882,610,137,248,99,280,41
G32316,3016,913,333,382,242,210,51
G32317,854,216,64,117,16,205,15
G32318,2169,667,201,189,196,120,27
G32319,2221,577,311,338,128,166,39
G32321,583,189,48,51,39,63,7
G32322,424,139,47,47,22,56,12
G32323,1954,502,244,169,192,143,35
G32324,382,90,28,36,25,55,14
G32325,994,320,73,127,60,142,12
G32326,813,259,53,52,154,88,25
G32327,3732,1102,296,346,421,160,98
G32331,1272,325,157,125,176,67,28
G32332,1463,360,167,193,156,97,30
G32333,912,245,98,117,83,118,22
G32334,869,319,63,118,26,100,13
G32335,1266,371,104,133,92,180,30
G32336,1498,354,215,195,120,90,30
G32337,3254,1065,349,305,220,164,67
G32338,1609,503,176,183,194,101,32
G32401,2660,708,296,254,312,112,46
G32402,3968,1051,482,363,347,132,68
G32403,3696,718,628,607,213,221,37
G32404,8296,2325,1126,1070,659,376,133
G32405,2129,520,233,233,212,102,41
G32406,5506,1550,612,562,547,323,79
G32407,678,167,59,43,123,24,9
G32408,19756,3206,4143,3614,929,1457,289
G32409,1269,352,146,144,145,50,31
G32411,1597,444,169,191,127,74,28
G32412,2905,531,525,462,169,230,52
G32413,1332,365,141,185,93,116,21
G32415,5361,1080,1055,777,299,311,79
G32416,6996,1228,1451,929,463,383,81
G32417,533,110,64,65,41,97,16
G32418,1493,377,109,161,191,98,21
G32419,12242,3107,1488,1095,1297,384,212
G32421,2071,395,434,316,134,171,23
G32423,1303,297,275,185,51,99,23
G32424,1275,398,147,109,106,84,17
G32501,1646,425,116,191,109,202,27
G32502,1388,385,92,145,37,272,33
G32503,293,74,22,27,52,18,10
G32504,1030,265,83,104,63,222,23
G32505,1535,491,108,136,119,199,50
G32506,729,192,58,65,36,138,21
G32508,3791,1106,305,327,160,621,90
G32509,1150,381,66,110,59,231,37
G32511,443,92,31,47,61,49,6
G32514,540,160,33,64,29,109,18
G32515,1248,305,69,118,62,238,52
G32516,1497,420,100,117,100,254,32
G32517,924,286,53,81,64,155,19
G32518,852,228,65,115,46,165,19
G32519,711,240,34,71,28,113,22
G32521,1447,331,135,144,66,233,45
G32522,1074,304,64,110,38,209,34
G32523,696,180,53,92,42,137,15
G32524,1238,319,117,103,174,184,25
G32525,1650,464,105,136,38,393,68
G32528,848,193,72,92,32,179,22
G32529,1049,274,76,110,64,170,20
G40402,1953,420,124,150,56,209,17
G40403,418,137,30,22,8,73,7
G40404,11793,2327,1212,1048,726,498,119
G40405,2055,487,158,157,81,233,25
G40406,1803,421,144,139,84,137,24
G40407,1560,472,116,113,67,177,17
G40408,730,182,50,64,28,95,12
G40409,854,207,68,89,36,122,7
G40411,471,112,46,53,30,62,6
G40412,1024,249,83,81,31,162,10
G40413,2386,623,149,195,125,199,41
G40414,2196,385,225,237,89,214,15
G40415,1141,300,45,73,69,110,10
G40416,497,126,37,55,31,76,5
G40417,911,249,71,89,35,117,13
G40418,3527,944,282,274,273,246,55
G40419,2122,637,139,205,73,234,32
G40421,3721,781,318,318,255,192,60
G40422,1642,333,109,119,88,79,22
G40423,942,197,100,139,47,107,3
G40424,762,214,50,53,22,71,15
G40425,1257,298,119,85,106,108,23
G40426,2281,567,183,203,151,243,22
G40427,1729,478,111,174,108,145,32
G40428,2416,522,215,191,105,196,30
G40429,759,215,61,59,28,86,18
G40431,766,166,59,77,41,67,20
G40432,1288,368,43,98,51,162,34
G40433,770,248,37,42,40,101,7
G40434,768,201,40,57,66,81,10
G40435,317,101,11,22,3,46,2
G40436,1658,377,107,119,136,162,22
G40437,2290,551,187,183,145,195,24
G40438,1839,400,169,199,98,118,14
G40439,474,54,59,46,10,97,10
G40441,2845,686,270,247,177,168,34
G40442,748,181,62,62,28,99,6
G40443,1611,361,125,139,40,204,20
G40444,564,144,24,32,19,87,11
G40445,448,108,28,36,14,41,6
G40446,1144,310,80,81,62,114,3
G40501,4536,1081,533,496,430,315,49
G40502,1644,364,201,140,154,119,29
G40503,2892,553,352,265,200,214,23
G40504,1845,443,224,190,141,97,17
G40505,1089,236,119,90,75,120,12
G40506,3380,985,337,349,253,334,40
G40507,1583,420,163,140,109,150,19
G40508,2241,607,203,211,138,240,29
G40509,1487,394,174,156,94,127,13
G40511,1741,463,244,184,127,133,25
G40512,1293,375,106,138,47,176,18
G40601,5999,1204,848,605,497,470,56
G40602,1520,322,143,173,93,150,21
G40603,2195,468,260,186,185,249,31
G40604,2240,505,297,244,169,163,43
G40605,947,144,111,125,67,175,10
G40606,513,134,26,34,12,158,5
G40607,1662,377,179,209,128,197,20
G40608,2554,658,238,186,142,370,30
G40609,2272,493,267,248,139,304,31
G40611,1376,316,72,100,95,255,17
G40612,2579,499,377,287,163,296,37
G40613,785,222,69,65,36,110,9
G40614,4241,1001,518,469,362,329,50
G40615,2324,352,255,266,176,327,18
G40616,1151,259,117,114,115,115,16
G40617,1133,261,102,115,93,175,17
G40618,2288,565,190,170,199,277,26
G40619,1573,448,137,176,101,244,17
G40621,1811,488,130,145,66,251,16
G40622,1657,374,223,210,195,159,21
G40623,1077,233,164,142,71,138,9
G40624,3435,716,479,344,275,265,40
G40625,838,136,80,71,56,166,9
G40626,1272,251,95,128,79,235,19
G40627,2307,500,324,239,117,334,31
G40701,7777,1640,1045,877,526,543,88
G40702,6057,1109,638,522,611,242,91
G40703,10690,1987,1392,1188,711,638,127
G40704,6344,1275,785,608,774,330,96
G40705,9936,1704,1413,1178,489,566,88
G40706,1457,325,108,128,242,105,36
G40707,1612,358,164,164,154,142,23
G40708,2143,493,250,234,150,184,32
G40709,604,85,118,72,100,19,5
G40711,7152,1582,737,652,726,442,82
G40712,563,94,73,62,92,40,7
G40713,4044,936,446,481,261,251,59
G40714,2936,708,335,334,246,145,46
G40715,1614,348,146,184,127,117,17
G40716,873,159,62,79,65,126,6
G40717,2123,460,186,211,147,222,33
G40718,1337,214,188,179,84,111,17
G40719,3733,723,408,407,289,289,36
G40801,661,176,66,70,40,74,5
G40802,3022,666,358,316,192,210,25
G40803,1910,436,202,218,54,212,22
G40804,887,264,54,80,40,146,13
G40805,1877,478,195,152,104,149,23
G40806,2852,725,297,271,155,288,26
G40807,1146,245,128,117,93,126,10
G40808,3519,787,471,343,209,236,36
G40809,1637,362,227,192,95,130,15
G40811,1222,329,128,120,63,129,12
G40812,2007,499,227,191,112,197,23
G40813,1040,316,76,113,61,100,19
G40814,1161,245,149,120,49,197,13
G40815,1033,264,80,88,51,140,15
G40816,1901,569,172,145,150,204,29
G40817,1323,366,127,104,73,196,23
G40818,1095,243,101,91,79,68,11
G40819,1760,411,228,159,73,158,13
G40821,787,178,113,84,15,88,2
G40822,1430,343,150,118,81,141,18
G40823,820,271,76,65,39,80,5
G40824,1753,445,157,166,83,254,18
G40825,1015,243,139,100,40,103,11
G40826,423,130,50,35,17,56,8
G40827,2412,590,267,219,238,159,20
G40828,900,197,99,75,36,115,4
G40829,1648,451,140,119,80,125,25
G40831,2881,738,285,289,137,366,27
G40832,2356,599,312,262,166,179,25
G40833,1297,273,164,142,60,162,9
G40834,656,176,55,70,14,100,6
G40901,512,90,34,66,28,72,8
G40902,2877,706,193,232,192,227,32
G40903,737,149,59,95,41,77,5
G40904,1505,367,166,144,76,171,16
G40905,3221,555,460,322,243,212,27
G40906,839,185,73,83,147,66,5
G40907,4667,1035,532,566,226,399,56
G40908,4457,964,585,523,411,290,48
G40909,2775,676,260,293,221,200,33
G40911,374,62,51,45,20,47,4
G40912,3942,956,393,369,192,278,50
G40913,2110,530,193,217,99,233,36
G40914,515,138,37,54,62,38,7
G40915,1473,309,113,145,121,145,15
G40916,275,71,12,23,29,14,5
G40917,2200,438,281,232,128,176,26
G40918,1741,409,101,133,168,137,23
G40919,675,142,74,72,40,91,10
G40921,662,162,36,72,29,57,5
G40922,2293,525,194,283,107,273,26
G40923,1890,351,152,225,137,127,20
G41001,929,181,92,124,59,129,11
G41002,10749,2591,1034,880,922,389,134
G41003,4686,1206,466,442,499,160,73
G41004,694,165,67,96,52,69,7
G41005,8013,1616,915,867,696,435,93
G41006,1072,223,122,150,93,101,12
G41007,4534,1205,501,482,356,254,65
G41008,1400,323,202,169,110,100,16
G41009,2002,491,220,220,92,151,23
G41011,2535,605,313,264,270,163,22
G41012,20266,4004,3255,2671,1488,984,214
G41013,5014,953,697,736,353,393,61
G41014,4660,823,659,522,317,269,39
G41015,1620,304,218,172,106,189,13
G41016,1596,384,194,195,161,114,22
G41017,5365,1151,722,637,424,254,79
G41018,1460,318,145,157,104,111,16
G41019,3104,822,316,299,197,202,48
G41021,16147,3529,1768,1378,1494,656,179
G41022,4630,722,850,684,343,354,44
G41101,975,232,92,85,107,121,10
G41102,1138,226,131,128,119,145,13
G41103,1318,341,106,116,88,214,9
G41104,813,198,60,54,49,140,10
G41105,2396,584,203,240,192,198,37
G41106,2381,469,347,309,220,187,29
G41107,730,216,75,76,29,74,10
G41108,1773,411,107,147,57,320,18
G41109,1978,459,260,209,273,109,22
G41111,3621,612,455,368,403,196,48
G41112,1363,264,100,109,96,204,10
G41113,1293,332,91,121,60,230,17
G41114,2802,665,228,305,225,348,26
G41115,1360,317,82,126,73,200,16
G41116,6121,1270,703,743,441,544,59
G41117,756,131,95,55,32,190,5
G41118,3318,606,406,343,392,377,36
G41119,1676,429,90,129,153,205,22
G41121,548,126,37,55,48,91,6
G41122,724,129,39,60,29,199,7
G41123,1416,386,108,140,99,147,24
G41124,3998,838,549,382,449,278,56
G41125,2295,531,210,202,198,263,34
G41126,1136,225,100,100,50,190,10
G41201,592,143,53,56,12,73,10
G41202,813,189,46,51,41,62,3
G41203,2260,618,163,167,140,117,20
G41204,2702,707,231,207,172,194,18
G41205,612,161,37,37,34,69,10
G41206,433,105,36,42,32,68,4
G41207,1099,240,67,73,43,91,4
G41208,926,202,65,72,46,112,11
G41209,1725,422,212,183,59,194,11
G41211,579,171,32,51,18,82,5
G41212,1060,302,67,96,41,148,15
G41213,1821,452,110,149,57,216,10
G41214,1847,449,132,144,75,185,11
G41215,1955,553,111,120,96,171,24
G41216,263,42,36,41,6,36,3
G41217,530,133,40,40,49,49,0
G41218,1868,458,222,218,118,162,21
G41219,1148,249,69,69,54,68,8
G41221,713,161,60,89,17,96,16
G41222,559,134,60,36,16,108,5
G41223,832,232,71,53,40,85,14
G41224,1118,303,89,105,33,113,15
G41225,8401,1590,964,794,463,461,87
G41226,449,86,55,66,9,77,5
G41227,675,189,63,74,11,108,6
G41228,1346,284,142,99,65,78,11
G41229,950,191,76,68,42,90,7
G41231,1951,469,172,167,89,274,20
G41232,1238,311,140,118,36,115,15
G41233,1212,311,96,130,58,124,15
G41234,1764,463,106,139,113,177,12
G41235,464,109,33,49,20,71,2
G41236,456,121,39,34,37,53,2
G41301,316,98,18,37,18,42,2
G41302,413,119,37,53,32,72,4
G41304,1797,444,170,207,96,157,11
G41305,895,181,93,130,38,154,8
G41306,368,101,24,39,10,65,6
G41307,425,97,44,40,11,75,4
G41309,2085,381,233,251,222,212,19
G41311,344,118,20,38,2,64,2
G41312,1191,240,106,117,57,156,9
G41313,1298,239,82,101,99,157,22
G41314,865,167,79,83,80,143,3
G41315,1082,273,76,57,77,99,11
G41316,1256,225,157,136,94,160,11
G41317,1203,242,60,91,60,220,13
G41318,1250,274,101,134,58,150,18
G41319,430,108,21,30,19,66,3
G41321,965,152,122,119,50,112,14
G41322,803,213,51,79,38,144,3
G41323,1452,300,159,161,69,212,13
G41324,523,78,33,38,19,117,6
G41325,1286,290,104,141,32,190,9
G41326,1298,272,83,169,66,198,16
G41327,1162,261,78,137,34,206,7
G41328,1231,268,105,194,39,168,9
G41329,1139,179,93,108,59,207,7
G41331,826,211,75,90,27,116,10
G41332,2983,644,326,365,177,321,23
G41333,412,74,29,44,30,59,3
G41334,1454,275,133,184,74,242,23
G41335,657,124,84,80,48,115,11
G41336,495,94,52,60,10,87,12
G41337,977,216,103,110,53,135,17
G41338,1849,345,174,256,67,296,16
G41341,483,93,27,36,31,79,3
G41342,2375,536,169,247,113,297,25
G41343,2573,575,223,257,116,296,40
G41344,4165,750,493,521,188,429,35
G41401,535,152,56,45,33,80,7
G41402,4077,1145,314,337,305,314,40
G41403,1543,375,165,145,78,126,18
G41404,1282,352,104,96,73,161,14
G41405,840,180,84,72,33,146,10
G41406,1045,313,84,107,40,111,16
G41407,779,170,70,44,36,81,9
G41408,1446,449,56,72,85,130,16
G41409,2360,604,133,179,92,266,19
G41411,1611,483,114,120,58,167,19
G41412,233,88,20,26,6,35,4
G41413,2107,512,176,171,129,249,25
G41414,1801,512,168,153,53,150,14
G41415,1162,302,84,83,74,177,8
G41416,1595,338,150,149,90,99,6
G41417,1296,350,102,90,57,238,25
G41418,2343,555,193,207,160,196,19
G41419,1406,394,101,131,43,135,14
G41421,935,280,56,76,64,105,7
G41422,3745,716,368,320,239,195,35
G41423,1725,388,136,165,64,231,10
G41424,655,192,50,75,20,91,7
G41425,956,194,89,97,49,95,9
G41426,2291,496,186,221,155,217,28
G41427,456,110,27,45,16,72,4
G41428,1009,268,60,57,87,114,12
G41429,1207,272,97,98,84,142,10
G41501,1414,306,129,188,54,202,11
G41502,1831,370,251,230,113,188,15
G41503,3895,792,430,400,207,301,35
G41504,2387,471,346,337,169,221,27
G41505,1508,362,136,200,81,219,25
G41506,5244,1158,736,594,394,467,70
G41507,2218,488,272,219,221,270,28
G41508,1026,274,135,134,70,108,10
G41509,1307,276,143,132,117,134,12
G41511,1767,413,185,203,116,126,28
G41512,1441,341,124,128,203,98,33
G41513,1037,207,101,120,74,115,11
G41514,2472,540,319,311,160,287,26
G41515,995,210,66,91,42,179,14
G41516,7328,1684,784,740,755,464,119
G41517,2763,622,288,301,188,253,50
G41518,1789,436,170,218,99,226,14
G41521,2549,552,255,276,191,273,26
G41522,3427,799,330,358,355,235,56
G41601,3166,757,406,391,162,356,40
G41602,3595,763,531,465,169,456,34
G41603,3279,697,337,402,122,411,49
G41604,1664,292,239,199,83,229,31
G41605,6972,1498,1138,853,435,511,79
G41606,4377,996,621,572,355,381,52
G41607,5113,785,1047,634,388,299,39
G41608,739,157,107,99,49,68,8
G41609,4080,685,616,564,190,382,41
G41611,1831,344,253,224,78,172,19
G41612,2052,418,176,214,108,264,19
G41613,1675,332,283,203,85,155,16
G41614,2180,345,430,310,110,236,18
G41615,2560,523,321,286,148,296,45
G41616,423,111,24,34,35,60,7
G41617,3614,556,848,507,205,273,26
G41618,3690,570,743,581,227,206,35
G41619,1017,235,116,134,64,115,18
G41621,1062,185,164,118,74,129,15
G41622,1274,288,129,153,64,172,15
G41623,758,160,82,69,44,98,12
G41624,3929,824,571,470,370,227,56
G41625,1677,359,162,216,68,272,26
G41626,3297,542,503,387,299,306,31
G41627,1390,256,234,167,78,176,14
G41701,2638,597,218,223,363,160,24
G41702,1303,228,201,168,88,101,14
G41703,5895,1219,607,492,562,252,72
G41704,934,250,101,116,17,126,7
G41705,1337,362,122,102,83,104,24
G41706,800,191,53,66,25,121,10
G41707,1393,320,138,127,98,124,18
G41708,754,218,70,53,23,125,19
G41709,3926,1128,347,341,351,272,62
G41711,2247,534,286,255,99,192,34
G41712,889,159,72,80,37,148,16
G41713,3921,956,401,280,438,110,69
G41714,667,127,81,64,38,92,5
G41715,2513,425,285,288,78,158,27
G41716,2066,560,215,241,112,210,36
G41717,857,228,102,86,32,102,7
G41718,906,216,84,105,45,91,14
G41719,1197,290,90,116,87,133,17
G41721,1304,342,53,76,31,229,24
G41722,3010,709,280,257,227,225,43
G41723,1163,253,111,102,88,121,7
G41724,516,104,56,57,57,55,4
G41725,421,104,65,52,20,47,3
G41726,1861,531,123,101,130,179,34
G41727,790,165,93,104,41,96,9
G41728,491,134,50,56,31,60,6
G41729,392,121,36,20,29,34,5
G41731,5001,1250,674,499,284,349,61
G41732,1642,394,184,122,115,136,14
G41733,209,45,39,21,5,24,2
G41734,3147,844,279,339,107,224,44
G41735,1826,361,216,199,62,203,27
G41736,1040,224,120,102,60,101,7
G41737,2715,569,395,291,184,144,34
G41738,2969,670,373,282,216,198,30
G41739,4330,992,616,513,224,229,64
G41741,1115,329,85,111,29,135,5
G41742,2876,603,287,330,74,267,27
G41743,4444,971,549,486,325,242,74
G41744,1182,307,171,123,43,131,18
G41745,1114,188,118,135,73,94,12
G41746,9000,1669,1304,893,617,509,104
G41747,3707,897,392,362,212,295,59
G41748,781,215,54,72,22,124,15
G41749,1246,203,163,129,62,128,14
G41751,1194,243,162,121,49,149,16
G41752,980,193,129,91,62,95,13
G41801,433,108,33,56,14,67,3
G41802,501,121,48,44,41,44,7
G41803,1966,455,170,189,150,246,16
G41804,3264,801,352,331,235,216,36
G41805,1978,542,186,208,74,210,16
G41806,1680,458,159,152,124,145,20
G41807,1092,264,97,136,66,133,14
G41808,4564,1180,468,483,317,278,44
G41809,702,167,69,99,43,52,6
G41811,2373,498,237,188,121,126,28
G41812,9403,2532,969,888,717,356,87
G41813,710,167,72,88,36,91,9
G41814,1242,356,114,142,60,150,15
G41815,731,148,83,90,29,131,10
G41816,2170,581,260,261,119,262,29
G41817,1904,502,185,147,135,206,21
G41818,987,231,135,130,61,81,17
G41819,1496,380,149,177,96,184,15
G41821,1852,506,193,243,80,254,18
G41822,1598,485,134,170,71,154,7
G41823,4208,802,595,531,205,295,47
G41824,2558,690,315,298,197,187,23
G50201,4420,1148,401,438,365,504,88
G50202,2803,714,291,357,155,344,60
G50203,1679,461,137,135,127,255,22
G50204,3071,805,418,334,166,255,42
G50205,13940,3174,1763,1409,928,676,219
G50206,715,214,46,60,51,138,10
G50207,5355,1326,637,672,237,535,96
G50208,3165,716,510,372,192,261,55
G50209,3436,716,416,410,188,226,52
G50211,1297,420,73,141,39,261,20
G50212,1092,298,92,101,60,158,22
G50213,1558,425,150,176,97,190,33
G50301,3036,633,408,376,151,260,48
G50302,2837,710,396,338,108,358,36
G50303,3911,864,542,515,172,442,55
G50304,1382,365,143,124,78,128,13
G50305,3651,899,403,345,394,113,62
G50306,1186,298,109,134,60,151,17
G50307,1102,271,118,147,60,146,12
G50308,2263,512,299,329,126,219,24
G50309,4163,801,638,648,181,373,57
G50311,2347,717,206,261,81,274,38
G50312,1059,227,113,134,35,138,19
G50313,599,161,66,65,24,132,9
G50314,5147,1175,586,558,391,277,67
G50315,1823,441,225,201,69,118,26
G50316,3120,692,429,382,165,243,44
G50317,3758,979,464,429,184,334,52
G50318,354,115,20,37,26,41,4
G50319,2636,625,334,301,135,252,27
G50321,2615,601,379,330,116,238,44
G50322,2879,784,319,311,152,272,41
G50323,2441,479,389,336,79,274,33
G50324,4471,1160,503,410,223,275,62
G50325,1862,449,237,218,90,186,38
G50326,4023,860,570,420,244,221,62
G50327,3641,849,529,415,115,462,37
G50328,966,266,129,104,31,90,10
G50329,2346,665,269,259,138,240,29
G50331,810,239,73,76,36,120,18
G50332,1463,331,153,164,60,182,23
G50335,5422,1749,491,476,303,485,95
G50336,2820,535,333,342,172,309,50
G50337,4498,1156,513,481,193,464,69
G50338,9965,2634,1228,1165,475,697,153
G50339,7833,1888,1210,917,346,623,93
G50401,2871,760,253,298,107,271,49
G50402,5047,1341,329,482,426,355,72
G50403,2813,834,176,267,232,141,46
G50404,7432,1920,584,683,899,420,128
G50405,1316,423,98,130,127,121,19
G50406,1673,538,115,184,71,197,38
G50407,998,329,60,76,18,86,18
G50408,2099,624,130,294,82,263,31
G50409,412,134,20,49,30,68,6
G50411,2884,759,166,293,177,473,32
G50412,1102,348,41,94,87,110,23
G50413,703,171,39,61,53,128,9
G50414,588,160,26,40,43,88,10
G50415,1138,276,68,98,156,79,16
G50416,1732,483,127,161,131,206,21
G50417,3400,933,222,315,179,322,48
G50418,7871,2188,724,839,471,596,141
G50419,1209,385,84,75,86,114,19
G50421,2566,569,255,214,404,115,37
G50422,325,82,16,24,14,27,7
G50423,2245,657,137,222,94,224,27
G50424,2234,561,148,204,181,155,33
G50425,693,233,45,71,13,67,7
G50501,295,100,15,22,12,60,2
G50502,457,130,21,34,15,72,3
G50503,1903,492,93,172,104,176,23
G50504,1314,359,84,142,61,136,15
G50505,442,170,9,26,33,57,7
G50506,927,267,21,63,98,88,20
G50507,605,173,12,32,42,76,4
G50508,565,163,27,54,56,73,5
G50509,2712,856,134,216,179,253,53
G50511,266,97,11,23,11,33,5
G50512,190,34,7,6,6,20,0
G50513,768,259,35,67,49,77,11
G50514,246,72,13,16,29,38,1
G50515,962,320,30,71,29,161,9
G50601,3180,855,231,235,206,324,58
G50602,3389,934,299,338,267,260,51
G50603,604,151,36,50,75,91,13
G50604,524,124,43,51,40,65,7
G50605,927,238,66,83,69,140,7
G50606,2152,488,214,207,223,160,39
G50607,637,160,37,61,48,68,14
G50608,1069,306,61,81,119,66,21
G50609,2416,460,258,229,201,326,26
G50611,2612,591,244,288,126,218,34
G50612,1563,396,125,177,62,162,19
G50613,3882,1034,247,325,264,331,62
G50614,2026,455,134,164,141,157,29
G50615,2037,569,156,226,161,196,47
G50616,2824,665,217,272,179,225,46
G50617,2415,650,135,241,132,274,37
G50618,2078,541,118,176,79,243,45
G50619,11941,2809,1265,1270,853,753,167
G50621,1249,388,75,77,116,126,22
G50622,2147,676,154,174,153,216,26
G50623,1422,419,111,159,85,133,19
G50624,2270,549,159,185,206,175,50
G50625,458,143,21,24,19,37,7
G50626,884,225,41,63,65,120,17
G50627,324,61,16,41,15,47,8
G50628,6493,1462,601,576,481,369,111
G60305,2366,467,171,434,234,83,9
G60318,2752,692,204,379,121,130,38
G60323,1395,365,50,159,114,71,15
G60324,1430,378,80,196,96,65,14
G60326,1232,325,121,202,92,83,13
G60329,1111,289,64,165,43,71,16
G60341,1305,394,73,178,66,100,18
G60344,9379,1766,703,1681,569,303,95
G60345,5493,1666,197,619,311,337,68
G60346,3485,860,189,585,157,312,40
G60347,2619,763,132,404,123,217,57
G60348,2974,902,163,410,128,200,43
G60349,3839,1065,174,605,274,199,43
G60351,3665,1030,140,416,234,221,53
G60608,4369,1131,368,505,226,206,62
G60611,2984,812,252,341,160,127,45
G60613,6190,1581,583,665,407,199,86
G60617,3863,712,594,625,185,166,51
G60618,1125,281,86,159,96,44,18
G60619,2430,544,296,423,115,153,28
G60623,2297,356,274,340,97,149,32
G60624,4691,1166,388,458,297,175,52
G60626,3032,660,452,423,81,148,46
G60628,2209,400,304,371,87,112,22
G60629,4010,934,349,538,231,106,54
G60632,1727,459,117,193,110,60,36
G60639,1144,309,87,161,70,84,20
G60641,1021,194,97,158,84,56,17
G60642,1738,304,227,260,64,103,17
G60645,2592,689,168,274,96,252,37
G60646,2275,385,377,425,94,138,22
G60647,612,166,48,64,44,48,7
G60648,1769,400,275,297,83,86,32
G60651,1690,427,81,180,134,109,32
G60653,3592,962,363,486,139,204,43
G60654,2135,454,274,341,57,141,22
G60655,1760,500,138,186,163,75,26
G60656,1219,320,120,173,65,136,16
G60659,3285,886,261,377,234,167,55
G60661,5224,1292,570,753,229,347,76
G60662,3825,1001,337,560,168,221,51
G60663,5546,1292,442,727,546,292,62
G60664,10247,2539,1332,1447,677,383,146
G60665,5727,1471,525,878,263,303,64
G60666,2185,527,222,327,65,150,37
G60667,3201,706,405,557,165,177,26
G60668,3005,761,282,378,116,193,54
G60669,8258,2025,919,1202,452,258,104
G61001,1187,284,101,195,35,106,11
G61002,821,218,38,111,38,44,14
G61007,1110,333,88,133,43,96,22
G61008,928,263,46,121,26,96,17
G61012,1753,573,103,179,151,82,33
G61013,1868,582,101,249,84,155,38
G61016,1648,504,102,202,85,108,24
G61017,1144,287,70,149,75,114,30
G61019,1033,254,70,141,90,66,10
G61021,1670,416,134,221,102,96,21
G61024,1784,580,51,164,103,154,30
G61027,1220,359,61,156,38,130,15
G61032,1704,507,70,202,67,162,22
G61033,1898,490,102,207,82,135,32
G61043,2697,818,185,289,131,123,35
G61045,4416,1062,320,452,368,168,43
G61049,2049,539,103,206,138,80,26
G61051,2344,668,126,295,110,192,28
G61052,2201,624,185,264,81,138,31
G61053,9332,2196,774,1125,475,378,107
G61054,3086,813,117,342,110,280,41
G61055,1226,265,108,182,34,115,11
G61056,3323,880,144,406,114,376,44
G61057,1906,539,74,304,46,211,22
G61058,3701,999,167,390,207,234,42
G61059,4124,1053,337,516,216,234,47
G61101,3806,836,278,347,644,138,67
G61105,848,225,67,93,62,74,19
G61106,1350,392,76,175,109,91,19
G61107,1092,314,67,125,85,72,11
G61108,19292,4550,1594,1867,1749,515,289
G61109,1514,357,90,165,93,134,16
G61111,1324,327,127,157,152,47,15
G61112,537,134,28,43,79,31,9
G61113,2482,767,147,249,251,101,35
G61114,1953,562,115,210,182,76,33
G61115,1634,478,103,171,195,79,26
G61116,1171,365,50,112,108,69,14
G61118,838,203,51,63,139,13,13
G61119,483,122,14,55,61,35,11
G61203,2155,650,128,254,116,138,32
G61204,1532,204,136,181,142,70,19
G61205,679,112,68,74,98,41,13
G61206,1007,325,53,101,111,67,14
G61207,3701,536,408,387,276,214,49
G61213,2133,481,128,289,95,114,25
G61215,1034,148,103,122,48,90,16
G61217,1932,440,105,220,90,193,25
G61222,1434,372,68,151,83,111,17
G61236,2093,513,155,256,67,119,33
G61243,1316,246,102,102,279,35,18
G61247,2770,653,165,242,386,76,48
G61251,423,96,33,40,87,25,22
G61252,907,194,98,99,63,99,25
G61253,4084,964,293,382,329,179,52
G61254,956,242,56,91,33,130,12
G61255,3863,832,240,400,198,201,45
G61256,1102,249,79,120,126,67,21
G61257,3359,942,187,376,146,246,40
G61258,2440,523,132,232,420,151,40
G61259,6064,1366,486,657,517,247,79
G61261,1530,415,85,188,92,119,25
G61262,1555,361,97,199,105,121,31
G61263,4144,978,304,382,399,181,67
G61264,1531,344,152,153,154,95,17
G61265,5160,1185,329,513,201,296,60
G61266,1268,298,57,128,65,110,31
G61267,2174,463,139,263,118,147,29
G61413,487,144,18,59,24,32,9
G61425,1678,393,95,196,118,140,24
G61428,805,234,35,86,62,71,12
G61437,1227,339,63,97,71,158,12
G61438,3109,660,226,362,139,277,42
G61439,4233,1066,294,475,219,274,57
G61441,979,305,53,107,56,120,25
G61442,1463,349,61,150,70,132,25
G61443,1585,449,95,162,125,117,16
G61444,1787,485,80,176,101,96,29
G61445,1436,407,45,131,147,109,20
G61446,1529,461,79,164,77,94,29
G61611,2052,584,130,257,117,117,24
G61612,2711,725,217,312,177,154,35
G61615,1798,514,106,237,60,137,23
G61618,1435,396,92,141,173,36,11
G61621,685,215,32,69,47,67,6
G61624,2582,819,143,305,97,199,46
G61625,7827,2119,587,854,669,247,114
G61626,4643,1302,293,473,434,118,46
G61627,1503,428,62,196,59,113,25
G61628,1353,409,53,102,65,87,24
G61629,934,267,41,103,31,96,8
G61631,8552,2549,584,889,840,230,124
G61632,2470,681,111,293,243,112,23
G61633,3308,876,267,437,171,193,54
G61701,1588,468,157,216,80,98,26
G61708,1272,437,80,106,62,127,17
G61711,736,174,63,72,66,148,13
G61716,2364,660,242,295,64,214,30
G61719,1701,508,167,238,65,115,12
G61727,1769,455,200,204,95,89,19
G61728,593,205,32,56,45,89,14
G61729,1696,413,176,220,101,154,30
G61731,1135,311,88,119,59,137,17
G61741,969,190,72,97,120,103,8
G61743,628,145,37,69,59,95,10
G61744,546,166,30,61,35,64,11
G61745,931,245,67,106,52,130,10
G61746,3264,843,297,432,121,250,48
G61748,3273,1128,233,329,121,214,38
G61751,1950,466,189,265,121,168,17
G61756,3431,925,323,405,231,308,54
G61757,4263,1251,309,448,191,447,47
G61758,1472,388,80,152,67,155,16
G61759,1373,479,88,155,40,193,9
G61761,1431,325,90,150,86,115,23
G61762,1765,514,135,242,56,175,31
G61763,3528,953,235,433,246,348,37
G61764,3002,894,228,335,101,168,28
G61765,4069,1127,363,532,152,249,74
G61766,9105,1776,1142,1117,786,308,127
G62007,6540,1665,456,621,627,205,113
G62008,1123,240,71,156,66,175,12
G62014,1491,348,154,219,86,107,16
G62021,409,90,21,48,28,75,6
G62026,699,167,60,85,51,68,11
G62032,905,246,58,116,53,106,20
G62034,1040,243,71,154,59,133,17
G62036,1131,321,67,111,93,71,20
G62038,5760,1520,375,483,556,146,77
G62039,1498,362,107,190,109,117,28
G62041,9402,2077,711,801,958,243,126
G62042,3204,743,174,277,185,280,50
G62043,2585,599,154,271,303,117,28
G62044,2327,690,119,244,182,167,29
G62045,1603,425,131,237,137,96,26
G62046,2281,553,209,270,183,196,31
G62047,4381,1197,336,517,433,173,66
G62048,4045,1020,300,573,211,319,46
G62105,1495,340,58,207,207,104,27
G62115,4431,1076,399,548,310,198,56
G62116,3325,879,185,413,229,215,48
G62125,1951,546,185,256,179,104,33
G62128,2920,754,275,338,230,142,33
G62131,1296,351,93,142,134,98,19
G62132,1562,363,87,171,162,121,14
G62135,1281,375,89,166,166,57,21
G62138,2014,475,259,271,142,151,26
G62139,12905,3012,1148,1444,1170,429,157
G62141,6886,1602,516,874,820,340,99
G62142,3265,689,231,379,400,211,41
G62143,6962,1490,611,706,783,221,94
G62144,2144,565,143,234,242,148,32
G62145,5746,1423,447,589,693,193,59
G62146,2127,634,170,223,227,97,42
G62147,2022,495,145,232,228,73,35
G62148,1647,427,80,213,142,117,14
G62202,1269,422,78,137,29,158,21
G62205,1828,608,128,186,81,200,21
G62206,880,222,73,96,61,71,10
G62209,1036,389,44,117,24,111,6
G62211,2161,684,146,216,195,184,27
G62214,1467,558,90,130,54,165,12
G62216,1047,356,71,148,29,130,19
G62219,5212,1329,488,754,180,346,74
G62226,1108,415,62,114,117,99,8
G62232,1309,405,74,107,55,118,16
G62233,2593,927,117,282,127,258,32
G62235,1740,637,89,202,56,227,8
G62242,884,259,51,95,50,139,6
G62244,1723,600,105,151,73,156,16
G62245,1275,430,67,141,58,195,9
G62247,1116,460,45,104,33,177,13
G62252,1216,362,96,134,50,118,13
G62256,1886,526,140,190,69,153,15
G62262,1164,321,88,163,37,195,11
G62264,3059,964,254,369,127,309,44
G62265,1720,572,119,187,129,198,16
G62266,2021,690,136,189,88,174,29
G62267,6876,1706,608,827,299,622,67
G62268,2577,910,153,297,109,319,28
G62269,1668,439,109,208,50,178,20
G62271,3066,893,234,404,110,285,36
G62272,2280,712,190,278,59,232,34
G62273,1553,542,62,162,37,156,23
G62274,1075,292,109,95,139,58,14
G62275,5159,1541,333,588,321,505,55
G62276,1213,394,69,97,101,124,18
G62277,2298,785,117,234,211,172,26
G62278,4020,1402,248,367,140,553,42
G62279,1296,443,91,151,59,159,16
G62311,1096,304,70,177,69,154,19
G62314,1047,270,75,98,56,99,14
G62326,1466,362,61,183,36,143,14
G62332,1301,405,62,150,39,106,21
G62335,1051,230,68,150,25,124,11
G62343,1075,255,49,136,50,120,18
G62347,1379,377,65,187,76,110,20
G62368,1078,238,47,132,44,65,14
G62372,1056,358,39,63,30,134,17
G62375,4282,1024,263,458,223,297,55
G62376,2545,469,175,361,146,227,34
G62377,1545,379,95,188,57,189,23
G62378,6103,1619,406,688,279,503,66
G62379,10332,2503,777,1250,476,881,115
G62381,2749,810,188,350,79,256,47
G62382,3618,1051,217,431,172,250,53
G62383,2894,757,167,359,158,215,41
G62384,2562,776,132,267,161,255,24
G62385,2095,633,110,228,42,206,36
G62386,4102,1031,246,488,144,422,38
G62387,2031,532,83,204,61,224,22
G62388,2549,670,106,283,83,239,29
G62389,3326,971,238,453,151,347,38
G70101,89024,14803,15815,9653,3332,3938,949
G70201,2375,479,246,174,54,144,41
G70202,3434,670,350,301,126,127,34
G70203,7156,1466,937,601,169,349,60
G70204,630,131,64,55,28,51,6
G70205,713,169,47,46,9,47,3
G70206,483,124,29,34,13,44,1
G70207,571,123,53,57,26,52,11
G70208,3335,499,301,195,41,283,24
G70209,2658,489,342,311,48,159,28
G70211,937,175,132,87,19,39,10
G70212,1593,279,114,156,36,91,15
G70213,930,198,133,96,28,65,10
G70214,1744,271,206,162,38,123,27
G70215,1750,358,165,139,62,74,24
G70216,1337,214,120,89,70,100,9
G70217,1099,211,68,70,9,92,12
G70218,1104,225,103,86,21,65,20
G70219,1954,322,237,170,63,122,30
G70221,1058,185,130,107,25,71,9
G70222,2105,559,209,117,34,112,17
G70223,2332,503,156,170,44,233,34
G70224,1582,290,124,128,29,66,15
G70301,5455,1087,893,658,233,310,87
G70302,1877,349,356,285,34,101,10
G70303,1287,264,209,165,26,55,21
G70304,4545,846,642,496,176,205,44
G70305,946,182,124,101,41,66,11
G70306,1063,223,167,106,23,69,13
G70307,890,271,103,70,44,92,11
G70308,979,181,163,105,31,77,11
G70309,1639,349,212,187,59,78,12
G70311,586,112,86,120,6,45,14
G70312,2974,626,399,309,102,133,26
G70313,988,257,74,82,45,87,7
G70314,477,85,42,45,22,49,5
G70315,1096,261,129,87,44,57,5
G70317,334,87,23,29,8,22,5
G70318,1056,218,168,108,46,69,20
G70319,2868,443,456,344,114,198,27
G70322,1272,254,187,158,46,73,12
G70323,625,145,55,56,15,42,9
G70325,825,156,140,128,21,61,12
G70326,1548,229,136,146,20,133,10
G70327,749,167,74,79,47,31,7
G70328,1298,269,165,140,23,87,17
G70329,3321,679,536,460,106,224,53
G70331,1592,323,231,209,51,99,25
G70332,1551,329,253,199,50,93,11
G70333,1610,433,100,114,42,125,11
G70334,3443,792,270,344,46,240,15
G70335,1338,269,190,125,38,92,24
G70336,275,68,16,27,6,46,7
G70337,2343,409,360,225,78,169,21
G70338,791,122,115,87,33,65,14
G70339,799,167,126,86,20,63,12
G70341,1001,229,88,114,41,79,16
G70342,794,207,66,52,31,35,3
G70343,806,175,115,99,24,84,6
G70344,845,144,124,84,10,61,9
G70345,1378,309,209,147,41,93,24
G70346,6766,1508,902,788,394,312,83
G70347,126,25,13,9,1,17,0
G70348,870,189,86,81,28,52,12
G70349,700,199,38,64,18,124,16
G70351,2043,338,242,209,35,127,29
G70352,1103,185,76,70,57,79,3
G70353,1697,290,336,277,48,106,19
G70354,9506,1659,1469,1023,314,464,127
G70355,2673,662,266,321,112,168,41
G70356,1187,244,144,109,22,96,17
G70357,10753,1695,1272,900,264,348,107
G70358,2974,684,392,327,122,209,29
G70359,1015,240,91,121,34,77,8
G70361,186,40,14,15,2,15,2
G70362,427,134,27,35,5,52,8
G70364,5060,1037,650,637,212,285,55
G70365,3431,815,387,324,84,197,52
G70366,595,165,47,56,7,69,6
G70367,6015,1381,692,559,196,300,87
G70368,670,132,91,103,14,53,6
G70369,5916,956,949,663,209,265,53
G70401,839,197,58,66,13,74,6
G70402,2008,286,195,176,80,178,34
G70403,3293,536,363,305,170,278,39
G70404,1309,290,102,112,24,87,9
G70405,879,193,86,84,67,81,11
G70406,4266,849,394,391,109,413,30
G70407,897,173,88,104,37,82,16
G70408,1181,302,81,114,38,94,15
G70409,3660,667,320,319,156,321,30
G70411,5931,1044,544,629,170,292,66
G70412,2964,590,204,245,58,199,37
G70413,1585,321,144,158,53,99,17
G70414,1167,212,118,132,20,95,22
G70415,574,102,58,60,20,67,9
G70416,6530,1267,720,673,184,336,71
G70417,1190,212,165,104,18,121,19
G70418,569,119,45,32,10,70,6
G70419,1481,329,122,126,43,110,17
G70501,1918,425,112,142,21,222,20
G70502,732,151,68,59,24,45,16
G70503,1969,380,257,190,130,109,20
G70504,1209,262,78,71,75,169,10
G70505,2598,632,240,239,78,296,38
G70506,2191,482,232,201,65,162,32
G70508,3991,919,366,368,99,327,45
G70509,1856,369,175,175,30,140,19
G70511,4287,965,447,372,253,206,41
G70512,3695,743,531,366,132,235,48
G70513,12042,2269,1488,1159,385,511,136
G70514,3123,630,341,247,148,173,34
G70515,2948,752,274,276,135,181,49
G70516,247,51,44,26,6,18,0
G70517,2571,616,239,204,112,155,26
G70518,1947,439,202,189,28,171,39
G70519,479,88,34,38,1,37,6
G70521,280,50,39,30,11,16,2
G70522,2006,408,167,160,54,215,12
G70523,343,83,22,21,8,31,3
G70524,1019,194,78,82,11,116,17
G70525,1847,395,169,183,49,151,26
G70526,2648,547,238,197,74,255,18
G70527,2123,419,223,214,83,261,17
G70528,1453,314,177,147,47,117,16
G70529,1278,266,84,93,10,98,16
G70531,9048,1641,905,667,379,353,90
G70601,266,46,43,11,5,21,0
G70602,199,14,36,13,3,35,8
G70603,686,53,96,50,0,80,7
G70604,2326,387,262,178,95,243,18
G70605,757,121,97,70,17,50,9
G70606,575,122,58,48,4,109,9
G70607,1085,160,155,98,26,88,15
G70608,1206,257,92,123,19,109,8
G70609,2086,429,119,135,27,299,22
G70611,454,37,171,23,9,43,2
G70612,391,24,72,21,2,47,3
G70613,419,61,40,23,4,39,9
G70614,5682,913,789,546,243,306,56
G70615,1129,198,84,72,28,87,10
G70616,1116,168,130,114,27,72,22
G70617,1954,320,201,146,54,147,27
G70618,614,141,65,64,25,69,9
G70619,1284,188,242,102,43,70,15
G70621,1770,242,244,217,26,136,15
G70622,1323,224,164,104,93,100,16
G70623,915,170,46,78,13,120,14
G70624,871,99,109,60,10,79,5
G70625,95,19,1,5,0,12,0
G70626,479,49,65,57,19,43,7
G70627,952,133,114,63,41,74,8
G70628,412,66,46,29,8,39,3
G70629,550,75,37,21,4,35,7
G70701,482,80,47,81,4,86,5
G70702,751,170,58,97,15,68,6
G70703,367,90,26,47,7,18,7
G70704,1001,208,62,115,17,113,15
G70705,1484,220,164,184,35,217,19
G70706,639,103,48,71,23,115,8
G70707,1823,412,152,193,48,106,41
G70708,687,132,92,102,11,63,6
G70709,624,92,23,71,4,79,8
G70711,484,99,33,39,14,39,16
G70712,965,147,56,90,9,105,8
G70713,660,91,68,57,8,125,3
G70714,245,71,17,35,2,15,6
G70715,618,112,50,104,18,37,3
G70716,9692,1495,1111,1056,352,508,125
G70717,3845,805,233,328,47,311,54
G70718,690,120,66,90,17,57,9
G70719,2634,489,261,302,129,142,52
G70721,565,95,35,40,2,70,19
G70723,963,188,41,58,5,106,9
G70724,728,102,57,83,6,87,15
G70725,226,30,13,27,5,27,5
G70726,553,67,25,42,11,55,10
G70727,399,84,32,33,5,45,12
G70728,1664,338,155,166,35,214,22
G70729,639,117,58,85,11,100,10
G70731,513,77,76,62,9,62,8
G70732,1102,183,153,139,21,102,15
G70733,193,35,13,20,0,28,3
G70734,1736,428,70,124,35,106,27
G70735,797,143,74,86,16,105,12
G70801,490,106,43,43,10,34,4
G70802,416,76,43,19,8,36,3
G70803,435,63,40,45,6,32,8
G70804,543,99,55,55,11,41,9
G70805,1080,145,176,115,30,33,7
G70806,630,112,84,62,12,40,3
G70807,1749,307,155,146,50,141,23
G70808,657,147,76,57,10,56,9
G70809,294,44,24,22,6,47,2
G70811,371,38,51,36,4,42,6
G70812,35,6,3,4,0,5,1
G70813,521,88,76,36,4,42,3
G70814,397,69,33,39,8,15,5
G70815,74,12,2,4,0,31,0
G70816,936,159,122,79,25,56,11
G70817,310,72,23,36,11,30,4
G70818,99,4,10,8,1,23,1
G70819,58,6,7,1,1,14,4
G70821,769,108,69,80,7,57,9
G70822,282,32,34,27,6,20,2
G70823,68,5,0,3,0,21,0
G70824,318,61,41,29,6,23,6
G70825,85,5,8,5,2,8,1
G70826,901,169,103,78,23,43,10
G70827,288,38,39,33,13,14,2
G70828,4214,545,458,349,139,219,35
G70829,294,11,31,30,1,41,2
G70831,518,91,29,40,11,77,12
G70832,704,89,59,52,4,50,3
G70833,1078,162,94,102,44,88,13
G70834,214,30,21,26,7,36,1
G70835,673,114,71,79,22,66,3
G70836,973,218,97,58,28,46,11
G70837,175,18,21,20,1,30,0
G70901,1574,327,109,129,29,126,14
G70902,1339,222,91,67,21,126,10
G70903,276,42,15,18,1,36,4
G70904,828,192,44,69,22,59,6
G70905,1979,520,200,189,80,110,19
G70907,2061,366,186,189,55,122,26
G70908,1128,143,83,112,36,90,4
G70909,2769,566,162,167,63,128,27
G70911,481,123,35,35,4,34,1
G70912,595,123,48,46,25,68,4
G70913,368,91,9,21,1,32,1
G70914,549,109,21,39,13,60,5
G70915,1170,235,61,74,19,65,10
G70916,1082,150,33,54,14,101,11
G70917,4932,1017,448,351,214,198,61
G70918,883,172,44,56,33,53,9
G70921,920,240,109,68,19,68,12
G70922,1205,236,71,80,14,68,24
G70923,933,141,93,71,17,74,8
G70924,413,89,16,22,19,33,5
G70925,1034,226,85,71,18,79,16
G70926,9832,1775,1164,827,303,502,118
G70927,1215,223,77,100,13,84,21
G70928,1571,386,191,160,35,90,19
G70929,207,26,11,6,4,36,0
G70931,1424,251,95,127,44,80,25
G70932,660,123,18,21,9,62,2
G70933,1625,360,195,176,56,98,30
G70934,1425,233,98,149,33,155,14
G70935,1318,277,82,91,61,55,20
G70936,3668,752,357,336,150,230,36
G70937,1174,247,125,124,39,82,21
G70938,1914,401,147,122,34,162,14
G70939,1587,389,141,134,72,94,16
G70941,506,116,31,37,13,35,8
G80101,1744,385,159,198,35,92,24
G80102,230,41,34,26,1,50,2
G80103,9553,1335,1103,813,372,377,93
G80104,1519,276,186,162,42,39,17
G80105,473,78,40,60,9,28,6
G80106,2286,335,293,222,107,83,19
G80107,405,66,29,34,11,24,3
G80108,1144,210,134,152,37,69,17
G80109,340,44,28,31,1,69,1
G80111,727,131,106,86,45,40,10
G80112,517,83,50,80,19,46,4
G80113,1118,76,105,154,9,61,7
G80114,206,27,35,17,6,19,3
G80115,2371,390,286,266,60,84,31
G80116,4537,920,545,472,91,179,51
G80117,3669,499,552,505,155,173,37
G80118,622,88,77,98,2,85,3
G80119,533,110,52,61,16,30,9
G80121,283,49,22,35,2,38,3
G80122,2707,384,328,325,60,125,31
G80123,673,150,46,57,31,72,8
G80124,530,66,69,76,6,97,2
G80125,210,32,28,21,7,28,3
G80126,1582,218,175,212,27,96,21
G80127,545,79,72,96,8,47,4
G80128,1724,301,192,187,37,77,33
G80129,2023,391,185,220,52,89,26
G80201,2430,434,370,349,29,209,30
G80202,1750,170,276,219,11,208,16
G80203,1360,220,129,158,12,114,6
G80204,1379,152,165,150,12,131,10
G80205,566,86,58,93,11,38,4
G80206,767,93,89,87,7,91,5
G80207,19216,2596,2714,1865,567,811,225
G80208,464,100,43,76,3,54,10
G80209,226,29,22,31,1,23,2
G80211,2669,346,376,378,19,242,16
G80212,259,25,27,35,2,42,1
G80213,2630,493,325,253,65,99,34
G80214,1285,214,147,162,23,56,14
G80215,9145,1307,1220,965,213,349,107
G80216,1377,186,147,180,14,106,10
G80217,5506,774,605,511,81,184,45
G80218,4585,757,623,494,88,243,60
G80219,891,139,118,116,15,66,8
G80221,750,153,75,78,9,72,11
G80222,1033,200,107,138,12,92,12
G80223,818,109,65,124,7,105,1
G80224,6954,1244,899,754,163,353,96
G80225,1059,114,143,182,14,142,2
G80226,4052,504,621,464,93,176,47
G80227,967,166,95,92,7,54,10
G80228,2398,216,250,171,22,144,30
G80229,378,50,56,53,1,48,3
G80231,693,108,46,108,3,67,11
G80232,344,53,33,44,1,32,0
G80233,699,132,62,108,1,91,6
G80234,156,22,18,11,5,21,2
G80235,2803,466,439,393,62,130,36
G80236,1359,161,207,191,9,140,13
G80237,313,41,33,41,2,62,2
G80238,1241,183,180,205,7,143,15
G80239,132,14,2,14,2,12,0
G80301,33609,4746,4671,3768,666,1425,341
G80302,10792,1603,1118,920,136,354,66
G80303,15237,2269,1719,1457,202,681,114
G80401,4888,690,701,609,84,180,46
G80402,305,52,53,37,2,23,4
G80403,118,20,5,11,0,13,1
G80404,22479,3142,3411,2477,454,837,266
G80405,4306,631,503,426,90,218,40
G80406,521,72,69,85,3,54,11
G80407,2481,377,361,379,41,121,37
G80408,7843,1138,1119,857,147,314,85
G80409,2250,268,368,332,40,130,22
G80411,525,89,35,83,7,41,4
G80412,2750,503,284,280,60,78,22
G80413,1527,250,192,166,47,55,16
G80414,8291,1104,1216,991,180,309,74
G80415,244,45,34,30,0,28,0
G80416,1473,162,210,204,24,68,10
G80417,1974,310,304,263,56,108,17
G80418,1611,222,235,195,46,88,19
G80419,601,92,92,102,9,49,4
G80421,485,103,62,75,3,50,7
G80422,307,56,36,47,7,23,2
G80423,1494,221,242,177,36,61,12
G80424,2391,368,357,294,29,128,15